ID,X1,X2,X3
55,0.149283993,0.081012125,0.019352863
71,0.161073106,0.059332665,0.199833145
92,0.167033731,0.223358745,0.112062332
13,0.213740909,0.206947203,0.069689709
20,0.300347981,0.132013813,0.159295022
22,0.191379697,0.258307429,0.190991355
76,0.232007534,0.013666966,0.297315753
84,0.204106311,0.241041357,0.220086197
86,0.363136544,0.142249041,0.01478904
79,0.321552024,0.223475973,0.022270906
